{
  "test_date": "2026-03-08T15:01:18.404636",
  "start_day": 10,
  "num_days": 15,
  "statistics": {
    "total_tons": 1471.7291850000004,
    "avg_daily": 98.11527900000003,
    "max_daily": 98.121429,
    "min_daily": 98.029179,
    "range": 0.09225000000000705,
    "std_dev": 0.023011192928661498,
    "cv": 0.023453220704454696
  },
  "daily_totals": [
    98.029179,
    98.121429,
    98.121429,
    98.121429,
    98.121429,
    98.121429,
    98.121429,
    98.121429,
    98.121429,
    98.121429,
    98.121429,
    98.121429,
    98.121429,
    98.121429,
    98.121429
  ],
  "contract_progress": {
    "HT-2026-001": 555.70275,
    "HT-2026-002": 916.0264349999999
  },
  "warehouse_totals": {
    "W1": 1471.729185
  },
  "category_totals": {
    "A": 1471.729185
  }
}